{
  "total_samples": 33119,
  "statistics": {
    "mean": 3421.914973278179,
    "median": 725,
    "min": 500,
    "max": 2986154,
    "percentiles": {
      "50th": 725,
      "75th": 1310,
      "90th": 7842,
      "95th": 17812,
      "99th": 40528
    }
  },
  "length_bins": {
    "0-1K": {
      "count": 22028,
      "percentage": 66.51167003834657
    },
    "1K-2K": {
      "count": 4877,
      "percentage": 14.7256861620218
    },
    "2K-5K": {
      "count": 2021,
      "percentage": 6.102237386394517
    },
    "5K-10K": {
      "count": 1396,
      "percentage": 4.215103113016697
    },
    "10K-20K": {
      "count": 1393,
      "percentage": 4.206044868504484
    },
    "20K-50K": {
      "count": 1219,
      "percentage": 3.680666686796099
    },
    "50K+": {
      "count": 185,
      "percentage": 0.5585917449198345
    }
  }
}